,Atom,x,y,z
48,N,-0.02879381443298712,-0.8354536082474056,1.0355979381443206
49,C,-0.20479381443298905,0.567546391752586,1.3965979381443248
50,C,-1.5937938144329848,0.8445463917525728,1.963597938144332
51,O,-1.724793814432985,1.5555463917525856,2.966597938144332
52,C,0.060206185567011516,1.4625463917525963,0.18759793814432157
53,O,1.3752061855670092,1.209546391752582,-0.31440206185567376
54,C,-0.05079381443299269,2.9235463917525806,0.5775979381443221
55,H,0.010206185567014359,-1.1054536082474158,0.06359793814432635
56,H,0.528206185567015,0.8125463917525906,2.1645979381443254
57,H,-0.6707938144329972,1.2415463917525926,-0.59040206185567
58,H,1.318206185567007,0.9115463917525801,-1.2254020618556751
59,H,0.1402061855670098,3.5485463917525806,-0.29440206185567774
60,H,0.6812061855670066,3.148546391752575,1.3535979381443326
61,H,-1.0537938144329928,3.1235463917525976,0.9545979381443317
