,Atom,x,y,z
53,N,0.2586394557823155,0.42952380952381475,0.7373673469387825
54,C,-0.0673605442176779,-0.06347619047618025,-0.5996326530612208
55,C,0.19863945578231323,1.0015238095238175,-1.659632653061223
56,O,0.7736394557823161,0.7165238095238209,-2.7186326530612206
57,C,-1.5273605442176859,-0.5204761904761881,-0.6466326530612179
58,O,-1.6463605442176856,-1.8174761904761851,-0.051632653061219
59,C,-2.0253605442176905,-0.5814761904761809,-2.0806326530612154
60,H,-0.4633605442176787,0.4865238095238169,1.441367346938776
61,H,0.567639455782313,-0.9234761904761797,-0.8116326530612241
62,H,-2.1403605442176854,0.18552380952381498,-0.08663265306121559
63,H,-1.6843605442176823,-1.729476190476177,0.9033673469387793
64,H,-2.9003605442176905,-1.2284761904761865,-2.1346326530612174
65,H,-1.2383605442176844,-0.9804761904761818,-2.7216326530612207
66,H,-2.293360544217691,0.4205238095238144,-2.4146326530612185
