,Atom,x,y,z
79,N,1.170154471544734,-2.247121951219526,0.33201626016260377
80,C,-0.11884552845526741,-1.636121951219522,0.6130162601626097
81,C,-0.0498455284552648,-0.9041219512195227,1.9450162601626033
82,O,0.7941544715447293,-1.1981219512195196,2.794016260162607
83,C,-1.251845528455263,-2.6721219512195233,0.635016260162601
84,O,-1.05984552845527,-3.57912195121952,1.7280162601626046
85,C,-1.2888455284552691,-3.4511219512195197,-0.6709837398373963
86,H,1.5601544715447346,-2.889121951219522,1.007016260162601
87,H,-0.33284552845526605,-0.9081219512195275,-0.168983739837401
88,H,-2.2028455284552706,-2.1551219512195274,0.7660162601626013
89,H,-1.6828455284552604,-4.306121951219524,1.6540162601626065
90,H,-2.0978455284552666,-4.180121951219519,-0.6369837398373903
91,H,-1.454845528455266,-2.7631219512195173,-1.4999837398373899
92,H,-0.33984552845527105,-3.9681219512195156,-0.8129837398373922
