,Atom,x,y,z
11,N,2.9587142857142936,-1.2531111111111102,0.18394444444444957
12,C,1.7017142857142886,-0.5301111111111112,0.30294444444444935
13,C,1.0497142857142876,-0.808111111111117,1.6509444444444483
14,O,0.929714285714283,-1.9611111111111086,2.07094444444445
15,C,0.7487142857142857,-0.9141111111111115,-0.831055555555551
16,O,1.0917142857142892,-0.17811111111110733,-2.0090555555555483
17,C,-0.6902857142857073,-0.605111111111114,-0.463055555555556
18,H,2.9387142857142834,-2.2121111111111134,-0.13205555555555293
19,H,1.909714285714287,0.5378888888888866,0.23294444444444196
20,H,0.8457142857142941,-1.9811111111111188,-1.034055555555554
21,H,1.5227142857142866,-0.7621111111111105,-2.6370555555555484
22,H,-1.293285714285716,-0.5461111111111165,-1.3690555555555477
23,H,-0.7332857142857137,0.3478888888888889,0.06394444444444503
24,H,-1.0782857142857125,-1.3941111111111155,0.18094444444444946
