,Atom,x,y,z
106,N,1.202686486486499,-0.8056540540540595,1.7265027027027031
107,C,0.985686486486486,-0.18065405405405954,0.4315027027027014
108,C,1.5206864864864826,1.243345945945947,0.3655027027026989
109,O,1.421686486486493,1.8773459459459332,-0.6874972972972984
110,C,-0.5083135135135137,-0.18065405405405954,0.08350270270270244
111,O,-1.2073135135135118,0.7213459459459557,0.9495027027027021
112,C,-1.0923135135135027,-1.570654054054046,0.23650270270270823
113,H,0.5866864864864851,-0.5616540540540598,2.4895027027027083
114,H,1.5076864864864774,-0.7726540540540441,-0.3204972972972939
115,H,-0.6333135135135137,0.1473459459459434,-0.948497297297294
116,H,-1.088313513513512,0.44634594594595,1.8615027027027082
117,H,-2.152313513513505,-1.5496540540540593,-0.01449729729729654
118,H,-0.9703135135135028,-1.904654054054049,1.2665027027027094
119,H,-0.5743135135135162,-2.2576540540540577,-0.4324972972972887
