,Atom,x,y,z
53,N,0.7733066666666701,-0.9336399999999969,0.4301800000000071
54,C,-0.5926933333333295,-0.43963999999999714,0.32417999999999836
55,C,-1.5496933333333374,-1.4046400000000006,1.0131800000000055
56,O,-1.4686933333333343,-2.618639999999999,0.8081800000000072
57,C,-0.9786933333333394,-0.26863999999997645,-1.1458200000000005
58,O,-0.03769333333333691,0.5983600000000138,-1.7888200000000012
59,C,-2.367693333333335,0.32536000000001764,-1.2708200000000005
60,H,1.13130666666666,-1.5236400000000003,-0.30682000000000187
61,H,-0.6546933333333413,0.5293600000000254,0.8191800000000029
62,H,-0.9606933333333387,-1.2416399999999896,-1.6358199999999954
63,H,0.7983066666666616,0.1393600000000106,-1.8978199999999958
64,H,-2.62169333333334,0.4383600000000172,-2.3248200000000026
65,H,-2.3906933333333313,1.3013600000000167,-0.7858200000000011
66,H,-3.0896933333333294,-0.33563999999998373,-0.7918200000000013
