,Atom,x,y,z
16,N,-2.1638938053097405,-2.602256637168125,-0.2566106194690292
17,C,-1.1738938053097314,-1.8082566371681423,-0.9656106194690182
18,C,-1.0318938053097355,-2.291256637168132,-2.401610619469025
19,O,-1.4298938053097316,-3.403256637168127,-2.7516106194690195
20,C,0.19510619469026835,-1.8532566371681298,-0.27161061946901555
21,O,0.6441061946902664,-3.210256637168129,-0.17361061946901657
22,C,0.12010619469026551,-1.2422566371681398,1.1183893805309708
23,H,-2.111893805309734,-3.60925663716813,-0.30661061946902635
24,H,-1.5148938053097396,-0.7732566371681173,-0.9846106194690236
25,H,0.9111061946902623,-1.2872566371681273,-0.8676106194690192
26,H,-0.10789380530972892,-3.802256637168128,-0.2496106194690242
27,H,1.1021061946902648,-1.2862566371681226,1.5883893805309839
28,H,-0.5968938053097332,-1.7992566371681278,1.7213893805309795
29,H,-0.19989380530974188,-0.20325663716812414,1.0413893805309726
