,Atom,x,y,z
88,N,-2.279023437500001,-1.1203281250000146,-0.9905156249999862
89,C,-1.1170234375000092,-0.7113281249999943,-1.7675156249999873
90,C,-0.3010234375000067,-1.9423281249999889,-2.1385156249999966
91,O,-0.6120234374999995,-3.0663281250000125,-1.7365156249999956
92,C,-0.26102343750000045,0.30067187500000614,-1.0015156249999961
93,O,0.7579765624999908,0.8146718749999877,-1.8655156249999862
94,C,0.388976562499991,-0.3513281250000091,0.20148437500000682
95,H,-2.2480234375000094,-1.9883281250000095,-0.4755156249999857
96,H,-1.466023437500013,-0.24032812499999068,-2.686515624999984
97,H,-0.8930234375000055,1.1226718750000089,-0.6655156249999834
98,H,1.6109765624999994,0.7456718749999993,-1.4315156249999887
99,H,0.9929765624999902,0.3846718750000093,0.7324843750000127
100,H,1.024976562500001,-1.172328125000007,-0.12951562499999625
101,H,-0.38302343750000034,-0.736328125,0.8674843750000036
