,Atom,x,y,z
0,N,4.175633986928091,-0.28590849673204843,-0.9628562091503312
1,C,2.8046339869280814,0.06609150326795543,-1.3068562091503253
2,C,2.6626339869280855,1.580091503267937,-1.4308562091503205
3,O,2.6306339869281032,2.2930915032679593,-0.4318562091503253
4,C,1.8016339869280955,-0.4609084967320598,-0.26085620915033303
5,O,2.0376339869280855,-1.8529084967320557,-0.024856209150328823
6,C,0.3776339869280889,-0.28490849673204366,-0.7568562091503281
7,H,2.5646339869281007,-0.38290849673205685,-2.270856209150324
8,H,1.9296339869280814,0.09009150326795634,0.6711437908496691
9,H,2.6396339869280894,-1.9549084967320596,0.7161437908496708
10,H,4.803633986928105,0.07409150326793679,-1.6678562091503295
11,H,4.263633986928085,-1.2909084967320439,-0.91585620915032
12,H,4.410633986928104,0.11409150326795725,-0.06585620915032564
13,H,-0.31836601307190904,-0.6619084967320532,-0.006856209150328141
14,H,0.24563398692808391,-0.8399084967320505,-1.6858562091503302
15,H,0.18263398692809574,0.7730915032679491,-0.9338562091503206
