,Atom,x,y,z
85,N,-0.7534402985074706,-0.9775000000000063,1.5910746268656908
86,C,-0.059440298507468015,0.2944999999999993,1.6970746268656853
87,C,-0.8844402985074709,1.2424999999999926,2.556074626865694
88,O,-2.0644402985074777,1.0095000000000027,2.8220746268656853
89,C,0.20155970149252767,0.9145000000000039,0.31407462686567555
90,O,-1.0414402985074673,1.1124999999999972,-0.36892537313431717
91,C,1.1005597014925286,0.01850000000000307,-0.5299253731343185
92,H,-1.7144402985074692,-0.9754999999999967,1.2810746268656885
93,H,0.8985597014925304,0.12649999999999295,2.188074626865671
94,H,0.6895597014925272,1.8804999999999978,0.44607462686568056
95,H,-1.5264402985074668,1.8264999999999958,0.051074626865670325
96,H,1.2675597014925302,0.4825000000000017,-1.501925373134327
97,H,0.6205597014925246,-0.9505000000000052,-0.6679253731343238
98,H,2.0565597014925316,-0.11750000000000682,-0.023925373134318306
