,Atom,x,y,z
76,N,-0.31167096774193226,1.5401806451612856,0.8948129032257981
77,C,-0.1886709677419276,0.17318064516128118,0.41381290322580355
78,C,-0.05367096774193669,0.1961806451612773,-1.0991870967742017
79,O,-0.5126709677419399,1.1211806451612887,-1.7681870967741986
80,C,-1.3896709677419352,-0.7018193548387188,0.8178129032257999
81,O,-2.5946709677419335,-0.15481935483872178,0.27081290322580287
82,C,-1.5166709677419306,-0.7928193548387128,2.3268129032258003
83,H,-0.9636709677419333,2.1581806451612806,0.4328129032257948
84,H,0.7163290322580593,-0.26281935483871166,0.8368129032258054
85,H,-1.2446709677419392,-1.704819354838719,0.4158129032257989
86,H,-2.6186709677419344,0.7911806451612762,0.43181290322580423
87,H,-2.3726709677419393,-1.4168193548387222,2.5828129032258005
88,H,-0.6096709677419341,-1.2328193548387105,2.7418129032258065
89,H,-1.657670967741936,0.20618064516128243,2.7408129032258017
