,Atom,x,y,z
54,N,-1.6202307692307727,-1.1910650887573837,-0.47802366863905377
55,C,-1.1572307692307646,0.0099349112426097,0.20097633136094828
56,C,-2.29523076923077,0.5839349112426078,1.034976331360923
57,O,-3.450230769230771,0.1729349112426064,0.9199763313609424
58,C,-0.6532307692307739,1.0869349112426079,-0.7830236686390606
59,O,-1.7632307692307734,1.6819349112426067,-1.4640236686390722
60,C,0.306769230769234,0.51893491124261,-1.8060236686390567
61,H,-2.5562307692307655,-1.1940650887573838,-0.8570236686390729
62,H,-0.3392307692307668,-0.2610650887573911,0.8689763313609262
63,H,-0.13823076923077338,1.8619349112426136,-0.2160236686390533
64,H,-2.4652307692307716,1.8629349112426183,-0.8340236686390767
65,H,0.6347692307692228,1.312934911242607,-2.4770236686390774
66,H,-0.19423076923077076,-0.25906508875739576,-2.38202366863905
67,H,1.1707692307692241,0.09393491124261288,-1.2960236686390658
