,Atom,x,y,z
19,N,-0.3606060606060737,0.6760787878787937,0.9501999999999668
20,C,-0.5056060606060839,-0.2569212121212132,-0.15380000000001814
21,C,-1.166606060606071,-1.5369212121212144,0.3351999999999862
22,O,-0.947606060606077,-1.9799212121212122,1.463199999999972
23,C,0.8423939393939293,-0.5999212121212167,-0.802800000000019
24,O,1.7473939393939162,-1.101921212121212,0.18719999999996162
25,C,1.4483939393939238,0.6060787878787863,-1.4838000000000306
26,H,0.3473939393939247,0.4950787878787821,1.6471999999999696
27,H,-1.1476060606060798,0.1970787878787803,-0.9088000000000136
28,H,0.6803939393939231,-1.375921212121213,-1.550800000000038
29,H,1.7793939393939269,-0.493921212121208,0.9291999999999803
30,H,2.4023939393939173,0.3290787878787853,-1.9328000000000287
31,H,1.6083939393939204,1.3950787878787878,-0.7498000000000218
32,H,0.7713939393939171,0.9640787878787904,-2.259800000000027
