,Atom,x,y,z
17,N,1.291901234567888,-2.5317777777777764,-0.36441975308642327
18,C,0.49790123456789104,-2.1637777777777814,-1.523419753086415
19,C,0.4479012345678939,-0.6427777777777806,-1.6514197530864294
20,O,0.9459012345678985,0.09422222222222842,-0.8004197530864303
21,C,-0.9140987654321009,-2.742777777777775,-1.4274197530864399
22,O,-1.6160987654321133,-2.1297777777777753,-0.3394197530864176
23,C,-0.8620987654321084,-4.24177777777777,-1.2064197530864362
24,H,0.8239012345678987,-2.766777777777776,0.49958024691358105
25,H,0.977901234567895,-2.569777777777773,-2.41341975308643
26,H,-1.4470987654321021,-2.5377777777777766,-2.355419753086437
27,H,-2.556098765432111,-2.11677777777777,-0.5324197530864296
28,H,-1.8760987654321042,-4.6357777777777756,-1.1404197530864337
29,H,-0.34309876543210294,-4.7137777777777785,-2.0404197530864394
30,H,-0.32909876543210714,-4.453777777777773,-0.2794197530864153
