,Atom,x,y,z
29,N,-0.5821274509803658,0.6069607843137277,1.1104509803921587
30,C,-1.720127450980371,-0.30503921568626424,1.0394509803921608
31,C,-1.771127450980373,-1.2300392156862614,2.2494509803921545
32,O,-2.8431274509803757,-1.4590392156862748,2.8204509803921525
33,C,-1.656127450980378,-1.123039215686262,-0.2495490196078407
34,O,-1.5221274509803777,-0.24003921568626652,-1.3685490196078405
35,C,-2.916127450980369,-1.9540392156862652,-0.41754901960784707
36,H,0.12587254901963263,0.5819607843137362,0.39045098039215986
37,H,-2.6341274509803725,0.28896078431372985,1.0234509803921554
38,H,-0.7921274509803737,-1.786039215686273,-0.21054901960783923
39,H,-0.9881274509803717,0.5169607843137385,-1.1175490196078357
40,H,-2.852127450980376,-2.5300392156862728,-1.340549019607849
41,H,-3.018127450980373,-2.634039215686272,0.42845098039215657
42,H,-3.7831274509803734,-1.2950392156862733,-0.45954901960784866
