,Atom,x,y,z
103,N,1.632948387096775,-0.5650580645161227,-2.4002838709677263
104,C,1.2359483870967694,0.18594193548388205,-1.2182838709677242
105,C,2.335948387096778,1.1749419354838864,-0.8692838709677346
106,O,3.517948387096766,0.9109419354838764,-1.101283870967734
107,C,0.949948387096768,-0.7210580645161144,-0.01428387096774486
108,O,2.169948387096767,-1.2880580645161217,0.4707161290322688
109,C,-0.006051612903220871,-1.8320580645161186,-0.38628387096773054
110,H,2.4179483870967715,-1.1980580645161183,-2.334283870967738
111,H,0.32994838709677765,0.7449419354838795,-1.452283870967733
112,H,0.5009483870967699,-0.12205806451612489,0.7787161290322615
113,H,2.452948387096768,-0.8150580645161227,1.2567161290322701
114,H,-0.19105161290322314,-2.4600580645161187,0.48571612903225514
115,H,-0.9460516129032328,-1.402058064516126,-0.7302838709677246
116,H,0.42994838709677197,-2.435058064516113,-1.1822838709677228
