,Atom,x,y,z
0,N,-0.17448214285715835,1.1681339285714358,2.440794642857128
1,C,-0.283482142857153,0.44113392857143197,1.1847946428571277
2,C,0.09651785714284244,-1.0188660714285618,1.38379464285714
3,O,1.0735178571428463,-1.3268660714285687,2.0567946428571418
4,C,0.6125178571428478,1.0621339285714413,0.08979464285712879
5,O,0.1505178571428445,2.3831339285714392,-0.21820535714286393
6,C,0.5935178571428423,0.21613392857143765,-1.178205357142872
7,H,-1.3194821428571544,0.4851339285714431,0.8487946428571433
8,H,1.635517857142844,1.1221339285714436,0.4607946428571381
9,H,0.4625178571428421,1.9431339285714415,2.3267946428571236
10,H,0.17351785714284063,0.5491339285714361,3.1587946428571456
11,H,-1.0834821428571644,1.5171339285714254,2.7087946428571286
12,H,0.7305178571428428,3.029133928571426,0.19079464285712788
13,H,1.2325178571428381,0.6761339285714456,-1.9322053571428626
14,H,0.9615178571428373,-0.7848660714285671,-0.9522053571428728
15,H,-0.4264821428571537,0.1511339285714257,-1.5562053571428578
