,Atom,x,y,z
35,N,-2.231893081761001,-0.6174591194968571,2.5941509433962153
36,C,-0.9168930817610033,-0.14945911949685353,2.1641509433962085
37,C,-0.9798930817609914,1.2685408805031386,1.6001509433962156
38,O,-0.0888930817610003,2.0865408805031365,1.8601509433962065
39,C,-0.32689308176099985,-1.1154591194968617,1.136150943396217
40,O,-0.31989308176099485,-2.4404591194968646,1.6741509433962136
41,C,1.096106918239002,-0.7234591194968516,0.7891509433962085
42,H,-2.6818930817609896,-1.3704591194968572,2.0931509433962106
43,H,-0.2598930817609926,-0.13845911949685785,3.034150943396213
44,H,-0.9358930817610087,-1.0964591194968563,0.23315094339621112
45,H,-1.1968930817610044,-2.8224591194968554,1.5961509433962107
46,H,1.4981069182389888,-1.4234591194968544,0.05615094339620441
47,H,1.1041069182390117,0.2835408805031392,0.3721509433962069
48,H,1.7101069182390063,-0.7484591194968573,1.6901509433962048
