,Atom,x,y,z
40,N,2.2713464566928963,-1.6052204724409478,-1.4289291338582757
41,C,2.5883464566929035,-0.5292204724409544,-0.5019291338582832
42,C,3.3573464566928948,0.5697795275590636,-1.221929133858282
43,O,4.3953464566928915,0.3057795275590536,-1.8359291338582864
44,C,3.413346456692892,-1.0532204724409553,0.6760708661417141
45,O,2.6043464566928947,-1.908220472440945,1.4930708661417214
46,C,3.941346456692898,0.09777952755905517,1.514070866141708
47,H,3.011346456692891,-2.230220472440948,-1.714929133858277
48,H,1.657346456692892,-0.11122047244094801,-0.11892913385827342
49,H,4.256346456692896,-1.6262204724409344,0.2900708661417184
50,H,2.2703464566928915,-2.6362204724409537,0.9630708661417202
51,H,4.525346456692901,-0.2962204724409503,2.34607086614173
52,H,4.573346456692903,0.7357795275590604,0.8970708661417177
53,H,3.1043464566928947,0.6797795275590488,1.900070866141732
