,Atom,x,y,z
55,N,-1.7771217391304361,-1.2452608695652287,-3.199269565217378
56,C,-1.8331217391304335,-0.7772608695652252,-1.8222695652173968
57,C,-2.927121739130442,-1.470260869565223,-1.0232695652173902
58,O,-2.7461217391304444,-1.7052608695652225,0.17373043478261252
59,C,-2.0401217391304414,0.7367391304347706,-1.7932695652174004
60,O,-1.207121739130443,1.3497391304347701,-2.784269565217386
61,C,-1.6841217391304326,1.3017391304347825,-0.43126956521737725
62,H,-1.9591217391304383,-0.5942608695652183,-3.9502695652173827
63,H,-0.8761217391304399,-0.9982608695652289,-1.3492695652173836
64,H,-3.0841217391304383,0.9607391304347743,-2.0132695652173993
65,H,-1.3501217391304436,2.2987391304347824,-2.780269565217395
66,H,-1.8391217391304338,2.380739130434776,-0.4332695652173868
67,H,-2.3191217391304377,0.8457391304347794,0.32873043478261366
68,H,-0.6391217391304451,1.0847391304347695,-0.2102695652173736
