,Atom,x,y,z
16,N,-0.2469999999999999,2.9310882352941263,-0.6733470588235093
17,C,0.06400000000000716,1.5140882352941247,-0.6213470588235168
18,C,-0.39000000000000057,0.8580882352941188,-1.9123470588235136
19,O,-1.5729999999999933,0.9090882352941208,-2.2543470588235266
20,C,-0.6020000000000039,0.8330882352941273,0.5796529411764766
21,O,-0.29399999999999693,1.5570882352941169,1.7736529411764934
22,C,-0.07899999999999352,-0.564911764705883,0.7296529411764823
23,H,-1.078000000000003,3.2370882352941237,-1.158347058823523
24,H,1.1440000000000055,1.398088235294125,-0.5323470588235182
25,H,-1.6820000000000022,0.8070882352941169,0.4346529411764948
26,H,-1.0459999999999923,2.098088235294128,2.0236529411764934
27,H,-0.5570000000000022,-1.0419117647058727,1.584652941176472
28,H,-0.2989999999999924,-1.1339117647058856,-0.17334705882350931
29,H,0.9989999999999952,-0.5349117647058819,0.8856529411764882
