,Atom,x,y,z
12,N,-0.4346666666666721,0.27063888888889664,-0.7980833333333237
13,C,-0.6426666666666705,-1.1663611111111152,-0.8110833333333289
14,C,-0.7636666666666656,-1.727361111111108,0.5909166666666721
15,O,-1.232666666666674,-2.8583611111111082,0.7529166666666782
16,C,0.501333333333335,-1.883361111111114,-1.5480833333333237
17,O,1.7603333333333353,-1.356361111111113,-1.1150833333333168
18,C,0.3683333333333252,-1.7063611111111072,-3.050083333333319
19,H,0.3293333333333379,0.6416388888888918,-0.2520833333333172
20,H,-1.5716666666666725,-1.3713611111111135,-1.3420833333333206
21,H,0.4623333333333335,-2.9463611111111163,-1.3120833333333195
22,H,1.6373333333333306,-0.4643611111111028,-0.7830833333333231
23,H,1.1883333333333326,-2.221361111111108,-3.551083333333324
24,H,0.403333333333336,-0.6443611111111096,-3.2950833333333236
25,H,-0.5816666666666634,-2.125361111111104,-3.3830833333333175
