,Atom,x,y,z
52,N,-3.442643312101893,-1.2694585987260751,-0.10371974522293215
53,C,-2.4346433121018975,-0.7144585987260825,0.7882802547770638
54,C,-3.0486433121018877,0.37354140127392554,1.6532802547770729
55,O,-3.783643312101887,1.2285414012739295,1.1542802547770634
56,C,-1.2466433121018952,-0.14345859872607036,0.008280254777062623
57,O,-0.9016433121018963,-1.0294585987260803,-1.0587197452229304
58,C,-0.04464331210189698,0.00854140127393066,0.9182802547770734
59,H,-4.044643312101897,-0.6424585987260798,-0.6177197452229279
60,H,-2.071643312101898,-1.5104585987260748,1.4382802547770694
61,H,-1.5166433121018912,0.8295414012739286,-0.40171974522293397
62,H,-0.18464331210189755,-0.64845859872608,-1.5717197452229357
63,H,0.7923566878981063,0.41554140127392714,0.3502802547770614
64,H,0.2303566878981087,-0.9654585987260731,1.3222802547770698
65,H,-0.29164331210189687,0.6845414012739184,1.7362802547770713
